<?xml version="1.0" encoding="UTF-8"?>
<project xmlns="http://maven.apache.org/POM/4.0.0" xmlns:xsi="http://www.w3.org/2001/XMLSchema-instance" xsi:schemaLocation="http://maven.apache.org/POM/4.0.0 http://maven.apache.org/maven-v4_0_0.xsd">
  <modelVersion>4.0.0</modelVersion>
  <groupId>MaxSumTriangleSolution</groupId>
  <artifactId>maxSumTriangleSolution</artifactId>
  <name>MaxSumTrianglesolution</name>
  <version>0.0.1-SNAPSHOT</version>
  <description>Find the maximum path down given a triangle</description>
  <build>
    <plugins>
      <plugin>
        <groupId>org.codehaus.mojo</groupId>
        <artifactId>exec-maven-plugin</artifactId>
        <version>1.2.1</version>
        <configuration>
          <mainClass>com.triangle.gmn.main.TriangleProcessorCommandline</mainClass>
        </configuration>
      </plugin>
      <plugin>
        <artifactId>maven-compiler-plugin</artifactId>
        <version>3.0</version>
        <configuration>
          <sources>
            <source>src/test/java</source>
          </sources>
          <source>1.7</source>
          <target>1.7</target>
        </configuration>
      </plugin>
      <plugin>
        <artifactId>maven-shade-plugin</artifactId>
        <version>2.1</version>
        <executions>
          <execution>
            <phase>package</phase>
            <goals>
              <goal>shade</goal>
            </goals>
            <configuration>
              <sources>
                <source>src/test/java</source>
              </sources>
              <transformers>
                <transformer>
                  <mainClass>com.triangle.gmn.main.TriangleProcessorCommandline</mainClass>
                </transformer>
              </transformers>
            </configuration>
          </execution>
        </executions>
      </plugin>
    </plugins>
  </build>
</project>

